Customer_Name,Phone_Number,Email,Rental_Car_Model,Rental_Start_Date,Rental_End_Date
Aaron Lowe,2134750800,jchandler@hotmail.com,Toyota Camry,7/31/2024,INV
Heather Moore,0,ryan55@weber-johnson.biz,Toyota Camry,10/10/2024,7/4/2025
Sandra Bryant,0,brennanmelissa@barrett.com,INV,11/22/2024,12/12/2026
INV,0,kwood@reid.info,Honda Civic,5/16/2023,1/31/2027
Michelle Lloyd,5738050000,bgeorge@glass-ortiz.com,Honda Civic,1/11/2025,3/24/2026
Elizabeth Mitchell,0,garciathomas@yahoo.com,Toyota Camry,6/30/2024,2/24/2025
Lori Jones,0,darrellwalton@lee-washington.com,Honda Civic,7/17/2023,10/8/2026
Ronald Rhodes,0,briannajohnson@henry.com,Ford F-150,8/4/2024,INV
Amanda Bailey,0,tayloramanda@hancock.com,Honda Civic,10/30/2023,10/5/2026
Johnny Thomas,0,wnorman@diaz.com,Ford F-150,3/16/2023,2/28/2025
Kayla Horne,0,qlawrence@gmail.com,INV,8/19/2023,3/2/2025
Leslie Russell,0,theresa36@hotmail.com,Honda Civic,6/13/2024,2/24/2025
Jade Vang,0,colealan@gmail.com,INV,3/4/2024,1/26/2026
David Rocha,0,melissagonzalez@berg.com,Honda Civic,10/9/2024,1/8/2027
Jacob Cole,0,apayne@brown.biz,INV,12/23/2024,12/10/2026
James Hall,0,INV,INV,11/21/2023,11/2/2026
Michael White,1729722437,ymorgan@gmail.com,INV,2/15/2025,6/3/2025
Timothy Thornton,2164929167,scott28@dunn-taylor.com,Toyota Camry,32/13/2022,4/12/2025
Jonathan Davis,0,april60@gmail.com,INV,12/25/2024,8/1/2026
Tanya Larson,0,ysanchez@cox-may.com,Honda Civic,7/2/2024,9/11/2025
INV,0,jonathanchang@alvarez.org,Honda Civic,5/21/2024,8/21/2026
Benjamin Galvan,0,INV,Ford F-150,8/20/2023,4/25/2026
INV,6817778591,morrisvalerie@smith-murray.biz,Ford F-150,10/20/2023,6/11/2026
Monica Johnson,1206530260,INV,Ford F-150,6/29/2024,1/29/2026
Isaac Deleon,0,stephenwilson@alexander.com,Toyota Camry,32/13/2022,5/23/2026
Dustin Moody,0,riverajeffrey@yahoo.com,INV,9/19/2024,12/27/2026
Scott Sims,0,wendy50@roberts.com,INV,6/20/2023,3/24/2026
Teresa Lee,0,dudleyjohn@parks.com,Toyota Camry,10/3/2023,2/12/2026
Martha Miller,0,brenda78@hotmail.com,INV,6/20/2024,6/4/2026
